id,description
19,b0_rSURG0_c1_a0A_f0
20,b0_rSURG1_c1_a0A_f0
21,b0_rSURG2_c1_a0A_f0
22,b0_rSURG3_c1_a0A_f0
23,b0_rSURG4_c0_a0A_f0
24,b0_rSURG5_c0_a0A_f0
25,b0_rSURG6_c0_a0A_f0
26,b0_rSURG0_c0_a1A_f0
27,b0_rSURG1_c0_a1A_f0
28,b0_rSURG2_c0_a1A_f0
29,b0_rSURG3_c0_a1A_f0
30,b0_rSURG4_c0_a1A_f0
31,b0_rSURG5_c0_a1A_f0
32,b0_rSURG6_c0_a1A_f0
33,b0_rSURG7_c0_a1A_f0
34,b0_rSURG8_c0_a1A_f0
35,b0_rSURG9_c0_a1A_f0
36,b0_rSURG0_c0_a2A_f0
37,b0_rSURG1_c0_a2A_f0
38,b0_rSURG2_c0_a2A_f0
39,b0_rSURG3_c0_a2A_f0
40,b0_rSURG4_c0_a2A_f0
41,b0_rSURG5_c0_a2A_f0
42,b0_rSURG6_c0_a2A_f0
43,b0_rSURG7_c0_a2A_f0
44,b0_rSURG8_c0_a2A_f0
45,b0_rSURG9_c0_a2A_f0
70,b0_rER0_c0_a3B_f0
71,b1_rER0_c0_a3B_f0
72,b2_rER0_c0_a3B_f0
73,b3_rER0_c0_a3B_f0
74,b4_rER0_c0_a3B_f0
75,b0_rER1_c0_a3B_f0
76,b1_rER1_c0_a3B_f0
77,b2_rER1_c0_a3B_f0
78,b3_rER1_c0_a3B_f0
79,b4_rER1_c0_a3B_f0
80,b0_rER0_c0_a4B_f0
81,b1_rER0_c0_a4B_f0
82,b2_rER0_c0_a4B_f0
83,b3_rER0_c0_a4B_f0
84,b4_rER0_c0_a4B_f0
85,b0_rER1_c0_a4B_f0
86,b1_rER1_c0_a4B_f0
87,b2_rER1_c0_a4B_f0
88,b3_rER1_c0_a4B_f0
89,b4_rER1_c0_a4B_f0
90,b0_rIC0_c0_a3A_f0
91,b1_rIC0_c0_a3A_f0
92,b2_rIC0_c0_a3A_f0
93,b3_rIC0_c0_a3A_f0
94,b0_rIC1_c0_a3A_f0
95,b1_rIC1_c0_a3A_f0
96,b2_rIC1_c0_a3A_f0
97,b3_rIC1_c0_a3A_f0
98,b0_rIC0_c0_a4A_f0
99,b1_rIC0_c0_a4A_f0
100,b2_rIC0_c0_a4A_f0
101,b3_rIC0_c0_a4A_f0
102,b0_rIC1_c0_a4A_f0
103,b1_rIC1_c0_a4A_f0
104,b2_rIC1_c0_a4A_f0
105,b3_rIC1_c0_a4A_f0
107,b0_r0_c2_a0A_f1
108,b1_r0_c2_a0A_f1
110,b0_r1_c2_a0A_f1
111,b1_r1_c2_a0A_f1
113,b0_r2_c2_a0A_f1
114,b1_r2_c2_a0A_f1
116,b0_r3_c2_a0A_f1
117,b1_r3_c2_a0A_f1
119,b0_r4_c2_a0A_f1
120,b1_r4_c2_a0A_f1
122,b0_r5_c2_a0A_f1
123,b1_r5_c2_a0A_f1
125,b0_r6_c0_a0A_f1
126,b1_r6_c0_a0A_f1
128,b0_r7_c0_a0A_f1
129,b1_r7_c0_a0A_f1
131,b0_r8_c0_a0A_f1
132,b1_r8_c0_a0A_f1
134,b0_r9_c0_a0A_f1
135,b1_r9_c0_a0A_f1
137,b0_r10_c0_a0A_f1
138,b1_r10_c0_a0A_f1
140,b0_r11_c1_a0A_f1
141,b1_r11_c1_a0A_f1
143,b0_r12_c1_a0A_f1
144,b1_r12_c1_a0A_f1
146,b0_r13_c1_a0A_f1
147,b1_r13_c1_a0A_f1
149,b0_r14_c1_a0A_f1
150,b1_r14_c1_a0A_f1
152,b0_r15_c1_a0A_f1
153,b1_r15_c1_a0A_f1
155,b0_r0_c0_a1A_f1
156,b1_r0_c0_a1A_f1
158,b0_r1_c0_a1A_f1
159,b1_r1_c0_a1A_f1
161,b0_r2_c0_a1A_f1
162,b1_r2_c0_a1A_f1
164,b0_r3_c0_a1A_f1
165,b1_r3_c0_a1A_f1
167,b0_r4_c0_a1A_f1
168,b1_r4_c0_a1A_f1
170,b0_r5_c0_a1A_f1
171,b1_r5_c0_a1A_f1
173,b0_r6_c0_a1A_f1
174,b1_r6_c0_a1A_f1
176,b0_r7_c0_a1A_f1
177,b1_r7_c0_a1A_f1
179,b0_r0_c0_a2A_f1
180,b1_r0_c0_a2A_f1
182,b0_r1_c0_a2A_f1
183,b1_r1_c0_a2A_f1
185,b0_r2_c0_a2A_f1
186,b1_r2_c0_a2A_f1
188,b0_r3_c0_a2A_f1
189,b1_r3_c0_a2A_f1
191,b0_r4_c0_a2A_f1
192,b1_r4_c0_a2A_f1
194,b0_r5_c0_a2A_f1
195,b1_r5_c0_a2A_f1
197,b0_r6_c0_a2A_f1
198,b1_r6_c0_a2A_f1
200,b0_r7_c0_a2A_f1
201,b1_r7_c0_a2A_f1
203,b0_r8_c0_a2A_f1
204,b1_r8_c0_a2A_f1
206,b0_r9_c0_a2A_f1
207,b1_r9_c0_a2A_f1
209,b0_r0_c2_a3A_f1
210,b1_r0_c2_a3A_f1
212,b0_r1_c2_a3A_f1
213,b1_r1_c2_a3A_f1
215,b0_r2_c2_a3A_f1
216,b1_r2_c2_a3A_f1
218,b0_r3_c2_a3A_f1
219,b1_r3_c2_a3A_f1
221,b0_r4_c2_a3A_f1
222,b1_r4_c2_a3A_f1
224,b0_r5_c2_a3A_f1
225,b1_r5_c2_a3A_f1
227,b0_r6_c0_a3A_f1
228,b1_r6_c0_a3A_f1
230,b0_r7_c0_a3A_f1
231,b1_r7_c0_a3A_f1
233,b0_r8_c0_a3A_f1
234,b1_r8_c0_a3A_f1
236,b0_r9_c0_a3A_f1
237,b1_r9_c0_a3A_f1
239,b0_r10_c0_a3A_f1
240,b1_r10_c0_a3A_f1
242,b0_r11_c1_a3A_f1
243,b1_r11_c1_a3A_f1
245,b0_r12_c1_a3A_f1
246,b1_r12_c1_a3A_f1
248,b0_r13_c1_a3A_f1
249,b1_r13_c1_a3A_f1
251,b0_r0_c0_a0B_f1
252,b1_r0_c0_a0B_f1
254,b0_r1_c0_a0B_f1
255,b1_r1_c0_a0B_f1
257,b0_r2_c0_a0B_f1
258,b1_r2_c0_a0B_f1
260,b0_r3_c1_a0B_f1
261,b1_r3_c1_a0B_f1
263,b0_r4_c1_a0B_f1
264,b1_r4_c1_a0B_f1
266,b0_r5_c1_a0B_f1
267,b1_r5_c1_a0B_f1
269,b0_r6_c1_a0B_f1
270,b1_r6_c1_a0B_f1
272,b0_r7_c1_a0B_f1
273,b1_r7_c1_a0B_f1
275,b0_r8_c2_a0B_f1
276,b1_r8_c2_a0B_f1
278,b0_r9_c2_a0B_f1
279,b1_r9_c2_a0B_f1
281,b0_r10_c2_a0B_f1
282,b1_r10_c2_a0B_f1
284,b0_r11_c2_a0B_f1
285,b1_r11_c2_a0B_f1
287,b0_r0_c0_a1B_f1
288,b1_r0_c0_a1B_f1
290,b0_r1_c0_a1B_f1
291,b1_r1_c0_a1B_f1
293,b0_r2_c0_a1B_f1
294,b1_r2_c0_a1B_f1
296,b0_r3_c0_a1B_f1
297,b1_r3_c0_a1B_f1
299,b0_r4_c0_a1B_f1
300,b1_r4_c0_a1B_f1
302,b0_r5_c0_a1B_f1
303,b1_r5_c0_a1B_f1
305,b0_r6_c0_a1B_f1
306,b1_r6_c0_a1B_f1
308,b0_r7_c0_a1B_f1
309,b1_r7_c0_a1B_f1
311,b0_r8_c0_a1B_f1
312,b1_r8_c0_a1B_f1
314,b0_r9_c0_a1B_f1
315,b1_r9_c0_a1B_f1
317,b0_r10_c0_a1B_f1
318,b1_r10_c0_a1B_f1
320,b0_r11_c0_a1B_f1
321,b1_r11_c0_a1B_f1
323,b0_r0_c0_a2B_f1
324,b1_r0_c0_a2B_f1
326,b0_r1_c0_a2B_f1
327,b1_r1_c0_a2B_f1
329,b0_r2_c0_a2B_f1
330,b1_r2_c0_a2B_f1
332,b0_r3_c0_a2B_f1
333,b1_r3_c0_a2B_f1
335,b0_r4_c0_a2B_f1
336,b1_r4_c0_a2B_f1
338,b0_r5_c0_a2B_f1
339,b1_r5_c0_a2B_f1
341,b0_r6_c0_a2B_f1
342,b1_r6_c0_a2B_f1
344,b0_r7_c0_a2B_f1
345,b1_r7_c0_a2B_f1
347,b0_r8_c0_a2B_f1
348,b1_r8_c0_a2B_f1
350,b0_r9_c0_a2B_f1
351,b1_r9_c0_a2B_f1
353,b0_r10_c0_a2B_f1
354,b1_r10_c0_a2B_f1
356,b0_r11_c0_a2B_f1
357,b1_r11_c0_a2B_f1
359,b0_r0_c0_a3B_f1
360,b1_r0_c0_a3B_f1
362,b0_r1_c0_a3B_f1
363,b1_r1_c0_a3B_f1
365,b0_r2_c0_a3B_f1
366,b1_r2_c0_a3B_f1
368,b0_r3_c0_a3B_f1
369,b1_r3_c0_a3B_f1
371,b0_r4_c0_a3B_f1
372,b1_r4_c0_a3B_f1
374,b0_r5_c1_a3B_f1
375,b1_r5_c1_a3B_f1
377,b0_r6_c1_a3B_f1
378,b1_r6_c1_a3B_f1
380,b0_r7_c1_a3B_f1
381,b1_r7_c1_a3B_f1
383,b0_r8_c1_a3B_f1
384,b1_r8_c1_a3B_f1
386,b0_r9_c1_a3B_f1
387,b1_r9_c1_a3B_f1
389,b0_r10_c2_a3B_f1
390,b1_r10_c2_a3B_f1
392,b0_r11_c2_a3B_f1
393,b1_r11_c2_a3B_f1
395,b0_r12_c2_a3B_f1
396,b1_r12_c2_a3B_f1
398,b0_r13_c2_a3B_f1
399,b1_r13_c2_a3B_f1
401,b0_r14_c2_a3B_f1
402,b1_r14_c2_a3B_f1
404,b0_r15_c2_a3B_f1
405,b1_r15_c2_a3B_f1
407,b0_r0_c1_a0A_f2
408,b1_r0_c1_a0A_f2
410,b0_r1_c1_a0A_f2
411,b1_r1_c1_a0A_f2
413,b0_r2_c1_a0A_f2
414,b1_r2_c1_a0A_f2
416,b0_r3_c1_a0A_f2
417,b1_r3_c1_a0A_f2
419,b0_r4_c1_a0A_f2
420,b1_r4_c1_a0A_f2
422,b0_r5_c1_a0A_f2
423,b1_r5_c1_a0A_f2
425,b0_r6_c0_a0A_f2
426,b1_r6_c0_a0A_f2
428,b0_r7_c0_a0A_f2
429,b1_r7_c0_a0A_f2
431,b0_r8_c0_a0A_f2
432,b1_r8_c0_a0A_f2
434,b0_r9_c0_a0A_f2
435,b1_r9_c0_a0A_f2
437,b0_r10_c0_a0A_f2
438,b1_r10_c0_a0A_f2
440,b0_r0_c0_a1A_f2
441,b1_r0_c0_a1A_f2
443,b0_r1_c0_a1A_f2
444,b1_r1_c0_a1A_f2
446,b0_r2_c0_a1A_f2
447,b1_r2_c0_a1A_f2
449,b0_r3_c0_a1A_f2
450,b1_r3_c0_a1A_f2
452,b0_r4_c0_a1A_f2
453,b1_r4_c0_a1A_f2
455,b0_r5_c0_a1A_f2
456,b1_r5_c0_a1A_f2
458,b0_r6_c0_a1A_f2
459,b1_r6_c0_a1A_f2
461,b0_r7_c0_a1A_f2
462,b1_r7_c0_a1A_f2
464,b0_r8_c0_a1A_f2
465,b1_r8_c0_a1A_f2
467,b0_r9_c0_a1A_f2
468,b1_r9_c0_a1A_f2
470,b0_r10_c0_a1A_f2
471,b1_r10_c0_a1A_f2
473,b0_r11_c0_a1A_f2
474,b1_r11_c0_a1A_f2
476,b0_r0_c0_a2A_f2
477,b1_r0_c0_a2A_f2
479,b0_r1_c0_a2A_f2
480,b1_r1_c0_a2A_f2
482,b0_r2_c0_a2A_f2
483,b1_r2_c0_a2A_f2
485,b0_r3_c0_a2A_f2
486,b1_r3_c0_a2A_f2
488,b0_r4_c0_a2A_f2
489,b1_r4_c0_a2A_f2
491,b0_r5_c0_a2A_f2
492,b1_r5_c0_a2A_f2
494,b0_r6_c0_a2A_f2
495,b1_r6_c0_a2A_f2
497,b0_r7_c0_a2A_f2
498,b1_r7_c0_a2A_f2
500,b0_r8_c0_a2A_f2
501,b1_r8_c0_a2A_f2
503,b0_r9_c0_a2A_f2
504,b1_r9_c0_a2A_f2
506,b0_r10_c0_a2A_f2
507,b1_r10_c0_a2A_f2
509,b0_r11_c0_a2A_f2
510,b1_r11_c0_a2A_f2
512,b0_r0_c2_a3A_f2
513,b1_r0_c2_a3A_f2
515,b0_r1_c2_a3A_f2
516,b1_r1_c2_a3A_f2
518,b0_r2_c2_a3A_f2
519,b1_r2_c2_a3A_f2
521,b0_r3_c2_a3A_f2
522,b1_r3_c2_a3A_f2
524,b0_r4_c0_a3A_f2
525,b1_r4_c0_a3A_f2
527,b0_r5_c0_a3A_f2
528,b1_r5_c0_a3A_f2
530,b0_r6_c0_a3A_f2
531,b1_r6_c0_a3A_f2
533,b0_r7_c0_a3A_f2
534,b1_r7_c0_a3A_f2
536,b0_r8_c0_a3A_f2
537,b1_r8_c0_a3A_f2
539,b0_r9_c1_a3A_f2
540,b1_r9_c1_a3A_f2
542,b0_r10_c1_a3A_f2
543,b1_r10_c1_a3A_f2
545,b0_r11_c1_a3A_f2
546,b1_r11_c1_a3A_f2
548,b0_r12_c1_a3A_f2
549,b1_r12_c1_a3A_f2
551,b0_r13_c1_a3A_f2
552,b1_r13_c1_a3A_f2
554,b0_r0_c2_a0B_f2
555,b1_r0_c2_a0B_f2
557,b0_r1_c2_a0B_f2
558,b1_r1_c2_a0B_f2
560,b0_r2_c2_a0B_f2
561,b1_r2_c2_a0B_f2
563,b0_r3_c2_a0B_f2
564,b1_r3_c2_a0B_f2
566,b0_r4_c2_a0B_f2
567,b1_r4_c2_a0B_f2
569,b0_r5_c2_a0B_f2
570,b1_r5_c2_a0B_f2
572,b0_r6_c0_a0B_f2
573,b1_r6_c0_a0B_f2
575,b0_r7_c0_a0B_f2
576,b1_r7_c0_a0B_f2
578,b0_r8_c0_a0B_f2
579,b1_r8_c0_a0B_f2
581,b0_r9_c0_a0B_f2
582,b1_r9_c0_a0B_f2
584,b0_r10_c0_a0B_f2
585,b1_r10_c0_a0B_f2
587,b0_r11_c1_a0B_f2
588,b1_r11_c1_a0B_f2
590,b0_r12_c1_a0B_f2
591,b1_r12_c1_a0B_f2
593,b0_r13_c1_a0B_f2
594,b1_r13_c1_a0B_f2
596,b0_r14_c1_a0B_f2
597,b1_r14_c1_a0B_f2
599,b0_r15_c1_a0B_f2
600,b1_r15_c1_a0B_f2
602,b0_r0_c0_a1B_f2
603,b1_r0_c0_a1B_f2
605,b0_r1_c0_a1B_f2
606,b1_r1_c0_a1B_f2
608,b0_r2_c0_a1B_f2
609,b1_r2_c0_a1B_f2
611,b0_r3_c0_a1B_f2
612,b1_r3_c0_a1B_f2
614,b0_r4_c0_a1B_f2
615,b1_r4_c0_a1B_f2
617,b0_r5_c0_a1B_f2
618,b1_r5_c0_a1B_f2
620,b0_r6_c0_a1B_f2
621,b1_r6_c0_a1B_f2
623,b0_r7_c0_a1B_f2
624,b1_r7_c0_a1B_f2
626,b0_r8_c0_a1B_f2
627,b1_r8_c0_a1B_f2
629,b0_r9_c0_a1B_f2
630,b1_r9_c0_a1B_f2
632,b0_r10_c0_a1B_f2
633,b1_r10_c0_a1B_f2
635,b0_r11_c0_a1B_f2
636,b1_r11_c0_a1B_f2
638,b0_r0_c0_a2B_f2
639,b1_r0_c0_a2B_f2
641,b0_r1_c0_a2B_f2
642,b1_r1_c0_a2B_f2
644,b0_r2_c0_a2B_f2
645,b1_r2_c0_a2B_f2
647,b0_r3_c0_a2B_f2
648,b1_r3_c0_a2B_f2
650,b0_r4_c0_a2B_f2
651,b1_r4_c0_a2B_f2
653,b0_r5_c0_a2B_f2
654,b1_r5_c0_a2B_f2
656,b0_r6_c0_a2B_f2
657,b1_r6_c0_a2B_f2
659,b0_r7_c0_a2B_f2
660,b1_r7_c0_a2B_f2
662,b0_r8_c0_a2B_f2
663,b1_r8_c0_a2B_f2
665,b0_r9_c0_a2B_f2
666,b1_r9_c0_a2B_f2
668,b0_r10_c0_a2B_f2
669,b1_r10_c0_a2B_f2
671,b0_r11_c0_a2B_f2
672,b1_r11_c0_a2B_f2
674,b0_r0_c2_a3B_f2
675,b1_r0_c2_a3B_f2
677,b0_r1_c2_a3B_f2
678,b1_r1_c2_a3B_f2
680,b0_r2_c2_a3B_f2
681,b1_r2_c2_a3B_f2
683,b0_r3_c2_a3B_f2
684,b1_r3_c2_a3B_f2
686,b0_r4_c2_a3B_f2
687,b1_r4_c2_a3B_f2
689,b0_r5_c2_a3B_f2
690,b1_r5_c2_a3B_f2
692,b0_r6_c3_a3B_f2
693,b1_r6_c3_a3B_f2
695,b0_r7_c3_a3B_f2
696,b1_r7_c3_a3B_f2
698,b0_r8_c3_a3B_f2
699,b1_r8_c3_a3B_f2
701,b0_r9_c3_a3B_f2
702,b1_r9_c3_a3B_f2
704,b0_r10_c0_a3B_f2
705,b1_r10_c0_a3B_f2
707,b0_r11_c0_a3B_f2
708,b1_r11_c0_a3B_f2
710,b0_r12_c0_a3B_f2
711,b1_r12_c0_a3B_f2
713,b0_r13_c0_a3B_f2
714,b1_r13_c0_a3B_f2
716,b0_r14_c0_a3B_f2
717,b1_r14_c0_a3B_f2
719,b0_r15_c1_a3B_f2
720,b1_r15_c1_a3B_f2
722,b0_r16_c1_a3B_f2
723,b1_r16_c1_a3B_f2
725,b0_r17_c1_a3B_f2
726,b1_r17_c1_a3B_f2
728,b0_r18_c1_a3B_f2
729,b1_r18_c1_a3B_f2
731,b0_r19_c1_a3B_f2
732,b1_r19_c1_a3B_f2
734,b0_r0_c2_a0A_f3
735,b1_r0_c2_a0A_f3
737,b0_r1_c2_a0A_f3
738,b1_r1_c2_a0A_f3
740,b0_r2_c2_a0A_f3
741,b1_r2_c2_a0A_f3
743,b0_r3_c2_a0A_f3
744,b1_r3_c2_a0A_f3
746,b0_r4_c0_a0A_f3
747,b1_r4_c0_a0A_f3
749,b0_r5_c0_a0A_f3
750,b1_r5_c0_a0A_f3
752,b0_r6_c0_a0A_f3
753,b1_r6_c0_a0A_f3
755,b0_r7_c0_a0A_f3
756,b1_r7_c0_a0A_f3
758,b0_r8_c0_a0A_f3
759,b1_r8_c0_a0A_f3
761,b0_r9_c1_a0A_f3
762,b1_r9_c1_a0A_f3
764,b0_r10_c1_a0A_f3
765,b1_r10_c1_a0A_f3
767,b0_r11_c1_a0A_f3
768,b1_r11_c1_a0A_f3
770,b0_r12_c1_a0A_f3
771,b1_r12_c1_a0A_f3
773,b0_r13_c1_a0A_f3
774,b1_r13_c1_a0A_f3
776,b0_r0_c0_a1A_f3
777,b1_r0_c0_a1A_f3
779,b0_r1_c0_a1A_f3
780,b1_r1_c0_a1A_f3
782,b0_r2_c0_a1A_f3
783,b1_r2_c0_a1A_f3
785,b0_r3_c0_a1A_f3
786,b1_r3_c0_a1A_f3
788,b0_r4_c0_a1A_f3
789,b1_r4_c0_a1A_f3
791,b0_r5_c0_a1A_f3
792,b1_r5_c0_a1A_f3
794,b0_r6_c0_a1A_f3
795,b1_r6_c0_a1A_f3
797,b0_r7_c0_a1A_f3
798,b1_r7_c0_a1A_f3
800,b0_r8_c0_a1A_f3
801,b1_r8_c0_a1A_f3
803,b0_r9_c0_a1A_f3
804,b1_r9_c0_a1A_f3
806,b0_r10_c0_a1A_f3
807,b1_r10_c0_a1A_f3
809,b0_r11_c0_a1A_f3
810,b1_r11_c0_a1A_f3
812,b0_r0_c0_a2A_f3
813,b1_r0_c0_a2A_f3
815,b0_r1_c0_a2A_f3
816,b1_r1_c0_a2A_f3
818,b0_r2_c0_a2A_f3
819,b1_r2_c0_a2A_f3
821,b0_r3_c0_a2A_f3
822,b1_r3_c0_a2A_f3
824,b0_r4_c0_a2A_f3
825,b1_r4_c0_a2A_f3
827,b0_r5_c0_a2A_f3
828,b1_r5_c0_a2A_f3
830,b0_r6_c0_a2A_f3
831,b1_r6_c0_a2A_f3
833,b0_r7_c0_a2A_f3
834,b1_r7_c0_a2A_f3
836,b0_r8_c0_a2A_f3
837,b1_r8_c0_a2A_f3
839,b0_r9_c0_a2A_f3
840,b1_r9_c0_a2A_f3
842,b0_r10_c0_a2A_f3
843,b1_r10_c0_a2A_f3
845,b0_r11_c0_a2A_f3
846,b1_r11_c0_a2A_f3
848,b0_r0_c2_a3A_f3
849,b1_r0_c2_a3A_f3
851,b0_r1_c2_a3A_f3
852,b1_r1_c2_a3A_f3
854,b0_r2_c2_a3A_f3
855,b1_r2_c2_a3A_f3
857,b0_r3_c2_a3A_f3
858,b1_r3_c2_a3A_f3
860,b0_r4_c2_a3A_f3
861,b1_r4_c2_a3A_f3
863,b0_r5_c2_a3A_f3
864,b1_r5_c2_a3A_f3
866,b0_r6_c0_a3A_f3
867,b1_r6_c0_a3A_f3
869,b0_r7_c0_a3A_f3
870,b1_r7_c0_a3A_f3
872,b0_r8_c0_a3A_f3
873,b1_r8_c0_a3A_f3
875,b0_r9_c0_a3A_f3
876,b1_r9_c0_a3A_f3
878,b0_r10_c0_a3A_f3
879,b1_r10_c0_a3A_f3
881,b0_r11_c1_a3A_f3
882,b1_r11_c1_a3A_f3
884,b0_r12_c1_a3A_f3
885,b1_r12_c1_a3A_f3
887,b0_r13_c1_a3A_f3
888,b1_r13_c1_a3A_f3
890,b0_r14_c1_a3A_f3
891,b1_r14_c1_a3A_f3
893,b0_r15_c1_a3A_f3
894,b1_r15_c1_a3A_f3
896,b0_r0_c0_a0B_f3
897,b1_r0_c0_a0B_f3
899,b0_r1_c0_a0B_f3
900,b1_r1_c0_a0B_f3
902,b0_r2_c0_a0B_f3
903,b1_r2_c0_a0B_f3
905,b0_r3_c0_a0B_f3
906,b1_r3_c0_a0B_f3
908,b0_r4_c0_a0B_f3
909,b1_r4_c0_a0B_f3
911,b0_r5_c1_a0B_f3
912,b1_r5_c1_a0B_f3
914,b0_r6_c1_a0B_f3
915,b1_r6_c1_a0B_f3
917,b0_r7_c1_a0B_f3
918,b1_r7_c1_a0B_f3
920,b0_r8_c1_a0B_f3
921,b1_r8_c1_a0B_f3
923,b0_r9_c1_a0B_f3
924,b1_r9_c1_a0B_f3
926,b0_r10_c2_a0B_f3
927,b1_r10_c2_a0B_f3
929,b0_r11_c2_a0B_f3
930,b1_r11_c2_a0B_f3
932,b0_r12_c2_a0B_f3
933,b1_r12_c2_a0B_f3
935,b0_r13_c2_a0B_f3
936,b1_r13_c2_a0B_f3
938,b0_r14_c2_a0B_f3
939,b1_r14_c2_a0B_f3
941,b0_r15_c2_a0B_f3
942,b1_r15_c2_a0B_f3
944,b0_r0_c0_a1B_f3
945,b1_r0_c0_a1B_f3
947,b0_r1_c0_a1B_f3
948,b1_r1_c0_a1B_f3
950,b0_r2_c0_a1B_f3
951,b1_r2_c0_a1B_f3
953,b0_r3_c0_a1B_f3
954,b1_r3_c0_a1B_f3
956,b0_r4_c0_a1B_f3
957,b1_r4_c0_a1B_f3
959,b0_r5_c0_a1B_f3
960,b1_r5_c0_a1B_f3
962,b0_r6_c0_a1B_f3
963,b1_r6_c0_a1B_f3
965,b0_r7_c0_a1B_f3
966,b1_r7_c0_a1B_f3
968,b0_r8_c0_a1B_f3
969,b1_r8_c0_a1B_f3
971,b0_r9_c0_a1B_f3
972,b1_r9_c0_a1B_f3
974,b0_r10_c0_a1B_f3
975,b1_r10_c0_a1B_f3
977,b0_r11_c0_a1B_f3
978,b1_r11_c0_a1B_f3
980,b0_r0_c0_a2B_f3
981,b1_r0_c0_a2B_f3
983,b0_r1_c0_a2B_f3
984,b1_r1_c0_a2B_f3
986,b0_r2_c0_a2B_f3
987,b1_r2_c0_a2B_f3
989,b0_r3_c0_a2B_f3
990,b1_r3_c0_a2B_f3
992,b0_r4_c0_a2B_f3
993,b1_r4_c0_a2B_f3
995,b0_r5_c0_a2B_f3
996,b1_r5_c0_a2B_f3
998,b0_r6_c0_a2B_f3
999,b1_r6_c0_a2B_f3
1001,b0_r7_c0_a2B_f3
1002,b1_r7_c0_a2B_f3
1004,b0_r8_c0_a2B_f3
1005,b1_r8_c0_a2B_f3
1007,b0_r9_c0_a2B_f3
1008,b1_r9_c0_a2B_f3
1010,b0_r10_c0_a2B_f3
1011,b1_r10_c0_a2B_f3
1013,b0_r11_c0_a2B_f3
1014,b1_r11_c0_a2B_f3
1016,b0_r0_c2_a3B_f3
1017,b1_r0_c2_a3B_f3
1019,b0_r1_c2_a3B_f3
1020,b1_r1_c2_a3B_f3
1022,b0_r2_c2_a3B_f3
1023,b1_r2_c2_a3B_f3
1025,b0_r3_c2_a3B_f3
1026,b1_r3_c2_a3B_f3
1028,b0_r4_c2_a3B_f3
1029,b1_r4_c2_a3B_f3
1031,b0_r5_c2_a3B_f3
1032,b1_r5_c2_a3B_f3
1034,b0_r6_c0_a3B_f3
1035,b1_r6_c0_a3B_f3
1037,b0_r7_c0_a3B_f3
1038,b1_r7_c0_a3B_f3
1040,b0_r8_c0_a3B_f3
1041,b1_r8_c0_a3B_f3
1043,b0_r9_c0_a3B_f3
1044,b1_r9_c0_a3B_f3
1046,b0_r10_c0_a3B_f3
1047,b1_r10_c0_a3B_f3
1049,b0_r11_c1_a3B_f3
1050,b1_r11_c1_a3B_f3
1052,b0_r12_c1_a3B_f3
1053,b1_r12_c1_a3B_f3
1055,b0_r13_c1_a3B_f3
1056,b1_r13_c1_a3B_f3
1058,b0_r14_c1_a3B_f3
1059,b1_r14_c1_a3B_f3
1061,b0_r15_c1_a3B_f3
1062,b1_r15_c1_a3B_f3
1063,b0_rRAD0_c0_a0B_f0
1064,b0_rRAD1_c0_a0B_f0
1065,b0_rRAD2_c0_a0B_f0
1066,b0_rRAD3_c0_a0B_f0
1067,b0_rRAD4_c0_a0B_f0
1068,b0_rRAD5_c0_a0B_f0
1069,b0_rRAD6_c0_a0B_f0
1070,b0_rRAD7_c0_a0B_f0
1071,b0_rRAD0_c0_a1B_f0
1072,b0_rRAD1_c0_a1B_f0
1073,b0_rRAD2_c0_a1B_f0
1074,b0_rRAD3_c0_a1B_f0
1075,b0_rRAD4_c0_a1B_f0
1076,b0_rRAD5_c0_a1B_f0
1077,b0_rRAD6_c0_a1B_f0
1078,b0_rRAD7_c0_a1B_f0
1079,b0_rRAD0_c0_a2B_f0
1080,b0_rRAD1_c0_a2B_f0
1081,b0_rRAD2_c0_a2B_f0
1082,b0_rRAD3_c0_a2B_f0
1083,b0_rRAD4_c0_a2B_f0
1084,b0_rRAD5_c0_a2B_f0
1085,b0_rRAD6_c0_a2B_f0
1086,b0_rRAD7_c0_a2B_f0
